<?xml version="1.0" encoding="UTF-8"?>
<CancelSpotInstanceRequestsResponse xmlns="http://ec2.amazonaws.com/doc/2010-06-15/">
  <ResponseMetadata>
    <RequestId>string</RequestId>
  </ResponseMetadata>
  <CancelSpotInstanceRequestsResult>
    <!--1 or more repetitions:-->
    <CancelledSpotInstanceRequest>
      <SpotInstanceRequestId>string</SpotInstanceRequestId>
      <State>string</State>
    </CancelledSpotInstanceRequest>
  </CancelSpotInstanceRequestsResult>
</CancelSpotInstanceRequestsResponse>