<?xml version="1.0" encoding="UTF-8"?>
<CancelBundleTaskResponse xmlns="http://ec2.amazonaws.com/doc/2010-06-15/">
  <ResponseMetadata>
    <RequestId>string</RequestId>
  </ResponseMetadata>
  <CancelBundleTaskResult>
    <!--Optional:-->
    <BundleTask>
      <InstanceId>string</InstanceId>
      <BundleId>string</BundleId>
      <BundleState>string</BundleState>
      <StartTime>string</StartTime>
      <UpdateTime>string</UpdateTime>
      <Storage>
        <S3>
          <Bucket>string</Bucket>
          <Prefix>string</Prefix>
          <!--Optional:-->
          <AWSAccessKeyId>string</AWSAccessKeyId>
          <!--Optional:-->
          <UploadPolicy>string</UploadPolicy>
          <!--Optional:-->
          <UploadPolicySignature>string</UploadPolicySignature>
        </S3>
      </Storage>
      <!--Optional:-->
      <Progress>string</Progress>
      <!--Optional:-->
      <BundleTaskError>
        <Code>string</Code>
        <Message>string</Message>
      </BundleTaskError>
    </BundleTask>
  </CancelBundleTaskResult>
</CancelBundleTaskResponse>