<?xml version="1.0" encoding="UTF-8"?>
<CreateVpnGatewayResponse xmlns="http://ec2.amazonaws.com/doc/2010-06-15/">
  <ResponseMetadata>
    <RequestId>string</RequestId>
  </ResponseMetadata>
  <CreateVpnGatewayResult>
    <VpnGateway>
      <VpnGatewayId>string</VpnGatewayId>
      <VpnGatewayState>string</VpnGatewayState>
      <Type>string</Type>
      <AvailabilityZone>string</AvailabilityZone>
      <!--1 or more repetitions:-->
      <VpcAttachment>
        <VpcId>string</VpcId>
        <VpcAttachmentState>string</VpcAttachmentState>
      </VpcAttachment>
    </VpnGateway>
  </CreateVpnGatewayResult>
</CreateVpnGatewayResponse>