<?xml version="1.0" encoding="UTF-8"?>
<CreateCustomerGatewayResponse xmlns="http://ec2.amazonaws.com/doc/2010-06-15/">
  <ResponseMetadata>
    <RequestId>string</RequestId>
  </ResponseMetadata>
  <CreateCustomerGatewayResult>
    <CustomerGateway>
      <CustomerGatewayId>string</CustomerGatewayId>
      <CustomerGatewayState>string</CustomerGatewayState>
      <Type>string</Type>
      <IpAddress>string</IpAddress>
      <BgpAsn>string</BgpAsn>
    </CustomerGateway>
  </CreateCustomerGatewayResult>
</CreateCustomerGatewayResponse>