<?xml version="1.0" encoding="UTF-8"?>
<DescribeDhcpOptionsResponse xmlns="http://ec2.amazonaws.com/doc/2010-06-15/">
  <ResponseMetadata>
    <RequestId>string</RequestId>
  </ResponseMetadata>
  <DescribeDhcpOptionsResult>
    <!--1 or more repetitions:-->
    <DhcpOptions>
      <DhcpOptionsId>string</DhcpOptionsId>
      <!--1 or more repetitions:-->
      <Configuration>
        <Key>string</Key>
        <!--1 or more repetitions:-->
        <Value>string</Value>
      </Configuration>
    </DhcpOptions>
  </DescribeDhcpOptionsResult>
</DescribeDhcpOptionsResponse>