<?xml version="1.0" encoding="UTF-8"?>
<DescribeInstanceAttributeResponse xmlns="http://ec2.amazonaws.com/doc/2010-06-15/">
  <ResponseMetadata>
    <RequestId>string</RequestId>
  </ResponseMetadata>
  <DescribeInstanceAttributeResult>
    <InstanceAttribute>
      <InstanceId>string</InstanceId>
      <!--Optional:-->
      <InstanceType>string</InstanceType>
      <!--Optional:-->
      <KernelId>string</KernelId>
      <!--Optional:-->
      <RamdiskId>string</RamdiskId>
      <!--Optional:-->
      <UserData>string</UserData>
      <!--Optional:-->
      <DisableApiTermination>false</DisableApiTermination>
      <!--Optional:-->
      <InstanceInitiatedShutdownBehavior>string</InstanceInitiatedShutdownBehavior>
      <!--Optional:-->
      <RootDeviceName>string</RootDeviceName>
      <!--1 or more repetitions:-->
      <BlockDeviceMapping>
        <DeviceName>string</DeviceName>
        <Ebs>
          <VolumeId>string</VolumeId>
          <Status>string</Status>
          <AttachTime>string</AttachTime>
          <!--Optional:-->
          <DeleteOnTermination>true</DeleteOnTermination>
        </Ebs>
      </BlockDeviceMapping>
    </InstanceAttribute>
  </DescribeInstanceAttributeResult>
</DescribeInstanceAttributeResponse>