<?xml version="1.0" encoding="UTF-8"?>
<DescribeVpnConnectionsResponse xmlns="http://ec2.amazonaws.com/doc/2010-06-15/">
  <ResponseMetadata>
    <RequestId>string</RequestId>
  </ResponseMetadata>
  <DescribeVpnConnectionsResult>
    <!--1 or more repetitions:-->
    <VpnConnection>
      <VpnConnectionId>string</VpnConnectionId>
      <VpnConnectionState>string</VpnConnectionState>
      <CustomerGatewayConfiguration>string</CustomerGatewayConfiguration>
      <Type>string</Type>
      <CustomerGatewayId>string</CustomerGatewayId>
      <VpnGatewayId>string</VpnGatewayId>
    </VpnConnection>
  </DescribeVpnConnectionsResult>
</DescribeVpnConnectionsResponse>