<?xml version="1.0" encoding="UTF-8"?>
<DescribeInstancesResponse xmlns="http://ec2.amazonaws.com/doc/2010-06-15/">
  <ResponseMetadata>
    <RequestId>string</RequestId>
  </ResponseMetadata>
  <DescribeInstancesResult>
    <!--1 or more repetitions:-->
    <Reservation>
      <ReservationId>string</ReservationId>
      <OwnerId>string</OwnerId>
      <RequesterId>string</RequesterId>
      <!--1 or more repetitions:-->
      <GroupName>string</GroupName>
      <!--1 or more repetitions:-->
      <RunningInstance>
        <InstanceId>string</InstanceId>
        <!--Optional:-->
        <ImageId>string</ImageId>
        <InstanceState>
          <Code>3</Code>
          <Name>string</Name>
        </InstanceState>
        <PrivateDnsName>string</PrivateDnsName>
        <!--Optional:-->
        <PublicDnsName>string</PublicDnsName>
        <!--Optional:-->
        <StateTransitionReason>string</StateTransitionReason>
        <!--Optional:-->
        <KeyName>string</KeyName>
        <!--Optional:-->
        <AmiLaunchIndex>string</AmiLaunchIndex>
        <!--Zero or more repetitions:-->
        <ProductCode>string</ProductCode>
        <InstanceType>string</InstanceType>
        <LaunchTime>string</LaunchTime>
        <!--Optional:-->
        <Placement>
          <!--Optional:-->
          <AvailabilityZone>string</AvailabilityZone>
          <!--Optional:-->
          <GroupName>string</GroupName>
        </Placement>
        <!--Optional:-->
        <KernelId>string</KernelId>
        <!--Optional:-->
        <RamdiskId>string</RamdiskId>
        <!--Optional:-->
        <Platform>string</Platform>
        <!--Optional:-->
        <Monitoring>
          <MonitoringState>string</MonitoringState>
        </Monitoring>
        <!--Optional:-->
        <SubnetId>string</SubnetId>
        <!--Optional:-->
        <VpcId>string</VpcId>
        <!--Optional:-->
        <PrivateIpAddress>string</PrivateIpAddress>
        <!--Optional:-->
        <IpAddress>string</IpAddress>
        <!--Optional:-->
        <StateReason>
          <Code>string</Code>
          <Message>string</Message>
        </StateReason>
        <!--Optional:-->
        <Architecture>string</Architecture>
        <!--Optional:-->
        <RootDeviceType>string</RootDeviceType>
        <!--Optional:-->
        <RootDeviceName>string</RootDeviceName>
        <!--Zero or more repetitions:-->
        <BlockDeviceMapping>
          <DeviceName>string</DeviceName>
          <Ebs>
            <VolumeId>string</VolumeId>
            <Status>string</Status>
            <AttachTime>string</AttachTime>
            <!--Optional:-->
            <DeleteOnTermination>false</DeleteOnTermination>
          </Ebs>
        </BlockDeviceMapping>
        <!--Optional:-->
        <InstanceLifecycle>string</InstanceLifecycle>
        <!--Optional:-->
        <SpotInstanceRequestId>string</SpotInstanceRequestId>
        <!--Optional:-->
        <License>
          <Pool>string</Pool>
        </License>
        <!--Optional:-->
        <VirtualizationType>string</VirtualizationType>
      </RunningInstance>
    </Reservation>
  </DescribeInstancesResult>
</DescribeInstancesResponse>