<?xml version="1.0" encoding="UTF-8"?>
<DescribeAvailabilityZonesResponse xmlns="http://ec2.amazonaws.com/doc/2010-06-15/">
  <ResponseMetadata>
    <RequestId>string</RequestId>
  </ResponseMetadata>
  <DescribeAvailabilityZonesResult>
    <!--1 or more repetitions:-->
    <AvailabilityZone>
      <ZoneName>string</ZoneName>
      <ZoneState>string</ZoneState>
      <RegionName>string</RegionName>
      <!--Zero or more repetitions:-->
      <Message>string</Message>
    </AvailabilityZone>
  </DescribeAvailabilityZonesResult>
</DescribeAvailabilityZonesResponse>