<?xml version="1.0" encoding="UTF-8"?>
<RequestSpotInstancesResponse xmlns="http://ec2.amazonaws.com/doc/2010-06-15/">
  <ResponseMetadata>
    <RequestId>string</RequestId>
  </ResponseMetadata>
  <RequestSpotInstancesResult>
    <!--1 or more repetitions:-->
    <SpotInstanceRequest>
      <SpotInstanceRequestId>string</SpotInstanceRequestId>
      <SpotPrice>string</SpotPrice>
      <Type>string</Type>
      <State>string</State>
      <!--Optional:-->
      <Fault>
        <Code>string</Code>
        <Message>string</Message>
      </Fault>
      <!--Optional:-->
      <ValidFrom>string</ValidFrom>
      <!--Optional:-->
      <ValidUntil>string</ValidUntil>
      <!--Optional:-->
      <LaunchGroup>string</LaunchGroup>
      <!--Optional:-->
      <AvailabilityZoneGroup>string</AvailabilityZoneGroup>
      <!--Optional:-->
      <LaunchSpecification>
        <ImageId>string</ImageId>
        <!--Optional:-->
        <KeyName>string</KeyName>
        <!--Zero or more repetitions:-->
        <SecurityGroup>string</SecurityGroup>
        <!--Optional:-->
        <UserData>string</UserData>
        <!--Optional:-->
        <AddressingType>string</AddressingType>
        <InstanceType>string</InstanceType>
        <!--Optional:-->
        <Placement>
          <!--Optional:-->
          <AvailabilityZone>string</AvailabilityZone>
          <!--Optional:-->
          <GroupName>string</GroupName>
        </Placement>
        <!--Optional:-->
        <KernelId>string</KernelId>
        <!--Optional:-->
        <RamdiskId>string</RamdiskId>
        <!--Zero or more repetitions:-->
        <BlockDeviceMapping>
          <DeviceName>string</DeviceName>
          <VirtualName>string</VirtualName>
          <Ebs>
            <!--Optional:-->
            <SnapshotId>string</SnapshotId>
            <!--Optional:-->
            <VolumeSize>3</VolumeSize>
            <!--Optional:-->
            <DeleteOnTermination>false</DeleteOnTermination>
          </Ebs>
          <NoDevice>string</NoDevice>
        </BlockDeviceMapping>
        <!--Optional:-->
        <Monitoring>
          <!--Optional:-->
          <Enabled>true</Enabled>
        </Monitoring>
        <!--Optional:-->
        <SubnetId>string</SubnetId>
      </LaunchSpecification>
      <!--Optional:-->
      <InstanceId>string</InstanceId>
      <!--Optional:-->
      <CreateTime>string</CreateTime>
      <!--Optional:-->
      <ProductDescription>string</ProductDescription>
    </SpotInstanceRequest>
  </RequestSpotInstancesResult>
</RequestSpotInstancesResponse>