<?xml version="1.0" encoding="UTF-8"?>
<StartInstancesResponse xmlns="http://ec2.amazonaws.com/doc/2010-06-15/">
  <ResponseMetadata>
    <RequestId>string</RequestId>
  </ResponseMetadata>
  <StartInstancesResult>
    <!--Zero or more repetitions:-->
    <StartingInstances>
      <InstanceId>string</InstanceId>
      <CurrentState>
        <Code>3</Code>
        <Name>string</Name>
      </CurrentState>
      <PreviousState>
        <Code>3</Code>
        <Name>string</Name>
      </PreviousState>
    </StartingInstances>
  </StartInstancesResult>
</StartInstancesResponse>