<?xml version="1.0" encoding="UTF-8"?>
<StopInstancesResponse xmlns="http://ec2.amazonaws.com/doc/2010-06-15/">
  <ResponseMetadata>
    <RequestId>string</RequestId>
  </ResponseMetadata>
  <StopInstancesResult>
    <!--Zero or more repetitions:-->
    <StoppingInstances>
      <InstanceId>string</InstanceId>
      <CurrentState>
        <Code>3</Code>
        <Name>string</Name>
      </CurrentState>
      <PreviousState>
        <Code>3</Code>
        <Name>string</Name>
      </PreviousState>
    </StoppingInstances>
  </StopInstancesResult>
</StopInstancesResponse>